[
  {
    "id": 1,
    "first_name": "Catie",
    "last_name": "Sherland",
    "email": "csherland0@fc2.com",
    "gender": "Female"
  },
  {
    "id": 2,
    "first_name": "Ive",
    "last_name": "Bothram",
    "email": "ibothram1@tripod.com",
    "gender": "Male"
  },
  {
    "id": 3,
    "first_name": "Pepito",
    "last_name": "Boulstridge",
    "email": "pboulstridge2@loc.gov",
    "gender": "Male"
  },
  {
    "id": 4,
    "first_name": "Laraine",
    "last_name": "Nashe",
    "email": "lnashe3@geocities.com",
    "gender": "Female"
  },
  {
    "id": 5,
    "first_name": "Lelia",
    "last_name": "Radish",
    "email": "lradish4@nba.com",
    "gender": "Female"
  },
  {
    "id": 6,
    "first_name": "Erminie",
    "last_name": "Kopman",
    "email": "ekopman5@hostgator.com",
    "gender": "Female"
  },
  {
    "id": 7,
    "first_name": "Esdras",
    "last_name": "Monument",
    "email": "emonument6@youku.com",
    "gender": "Male"
  },
  {
    "id": 8,
    "first_name": "Bradley",
    "last_name": "Dugald",
    "email": "bdugald7@twitpic.com",
    "gender": "Genderqueer"
  },
  {
    "id": 9,
    "first_name": "Birgitta",
    "last_name": "Humes",
    "email": "bhumes8@ca.gov",
    "gender": "Female"
  },
  {
    "id": 10,
    "first_name": "Theresa",
    "last_name": "Swalwel",
    "email": "tswalwel9@abc.net.au",
    "gender": "Female"
  },
  {
    "id": 11,
    "first_name": "Adelind",
    "last_name": "Casado",
    "email": "acasadoa@dailymotion.com",
    "gender": "Female"
  },
  {
    "id": 12,
    "first_name": "Theodosia",
    "last_name": "Smartman",
    "email": "tsmartmanb@wired.com",
    "gender": "Female"
  },
  {
    "id": 13,
    "first_name": "Padraig",
    "last_name": "McCracken",
    "email": "pmccrackenc@w3.org",
    "gender": "Male"
  },
  {
    "id": 14,
    "first_name": "Salvatore",
    "last_name": "Bovingdon",
    "email": "sbovingdond@tuttocitta.it",
    "gender": "Male"
  },
  {
    "id": 15,
    "first_name": "Cathleen",
    "last_name": "Brigdale",
    "email": "cbrigdalee@miibeian.gov.cn",
    "gender": "Female"
  },
  {
    "id": 16,
    "first_name": "Nowell",
    "last_name": "Pechet",
    "email": "npechetf@hp.com",
    "gender": "Male"
  },
  {
    "id": 17,
    "first_name": "Marten",
    "last_name": "Cale",
    "email": "mcaleg@mediafire.com",
    "gender": "Male"
  },
  {
    "id": 18,
    "first_name": "Ash",
    "last_name": "Henriksson",
    "email": "ahenrikssonh@noaa.gov",
    "gender": "Male"
  },
  {
    "id": 19,
    "first_name": "Fannie",
    "last_name": "Standish-Brooks",
    "email": "fstandishbrooksi@ihg.com",
    "gender": "Female"
  },
  {
    "id": 20,
    "first_name": "Thomasin",
    "last_name": "McAvinchey",
    "email": "tmcavincheyj@ezinearticles.com",
    "gender": "Female"
  },
  {
    "id": 21,
    "first_name": "Pegeen",
    "last_name": "Bourcq",
    "email": "pbourcqk@indiatimes.com",
    "gender": "Female"
  },
  {
    "id": 22,
    "first_name": "Tomi",
    "last_name": "Schoenfisch",
    "email": "tschoenfischl@about.me",
    "gender": "Female"
  },
  {
    "id": 23,
    "first_name": "Ariel",
    "last_name": "Rhodes",
    "email": "arhodesm@theatlantic.com",
    "gender": "Male"
  },
  {
    "id": 24,
    "first_name": "Cathlene",
    "last_name": "Clipsham",
    "email": "cclipshamn@google.co.jp",
    "gender": "Female"
  },
  {
    "id": 25,
    "first_name": "Kalle",
    "last_name": "Kardos",
    "email": "kkardoso@samsung.com",
    "gender": "Male"
  },
  {
    "id": 26,
    "first_name": "Amabel",
    "last_name": "Emery",
    "email": "aemeryp@prnewswire.com",
    "gender": "Polygender"
  },
  {
    "id": 27,
    "first_name": "Bridget",
    "last_name": "Frantzen",
    "email": "bfrantzenq@lulu.com",
    "gender": "Female"
  },
  {
    "id": 28,
    "first_name": "Lilli",
    "last_name": "Decroix",
    "email": "ldecroixr@squarespace.com",
    "gender": "Female"
  },
  {
    "id": 29,
    "first_name": "Fonz",
    "last_name": "Copestake",
    "email": "fcopestakes@a8.net",
    "gender": "Male"
  },
  {
    "id": 30,
    "first_name": "Arlina",
    "last_name": "Torri",
    "email": "atorrit@yahoo.com",
    "gender": "Female"
  },
  {
    "id": 31,
    "first_name": "Howey",
    "last_name": "Connold",
    "email": "hconnoldu@bluehost.com",
    "gender": "Male"
  },
  {
    "id": 32,
    "first_name": "Lizette",
    "last_name": "Belt",
    "email": "lbeltv@cnbc.com",
    "gender": "Bigender"
  },
  {
    "id": 33,
    "first_name": "Malva",
    "last_name": "Gregore",
    "email": "mgregorew@woothemes.com",
    "gender": "Female"
  },
  {
    "id": 34,
    "first_name": "Burl",
    "last_name": "Ditter",
    "email": "bditterx@senate.gov",
    "gender": "Male"
  },
  {
    "id": 35,
    "first_name": "Pepe",
    "last_name": "Kubes",
    "email": "pkubesy@comcast.net",
    "gender": "Male"
  },
  {
    "id": 36,
    "first_name": "Leonidas",
    "last_name": "Huddlestone",
    "email": "lhuddlestonez@youtu.be",
    "gender": "Male"
  },
  {
    "id": 37,
    "first_name": "Griffy",
    "last_name": "Peckham",
    "email": "gpeckham10@ted.com",
    "gender": "Male"
  },
  {
    "id": 38,
    "first_name": "Kenton",
    "last_name": "Tissier",
    "email": "ktissier11@deliciousdays.com",
    "gender": "Male"
  },
  {
    "id": 39,
    "first_name": "Wilhelm",
    "last_name": "Galbraith",
    "email": "wgalbraith12@is.gd",
    "gender": "Polygender"
  },
  {
    "id": 40,
    "first_name": "Gorden",
    "last_name": "Guiot",
    "email": "gguiot13@skyrock.com",
    "gender": "Male"
  },
  {
    "id": 41,
    "first_name": "Hamlin",
    "last_name": "Hollebon",
    "email": "hhollebon14@auda.org.au",
    "gender": "Male"
  },
  {
    "id": 42,
    "first_name": "Elsey",
    "last_name": "Cornehl",
    "email": "ecornehl15@ed.gov",
    "gender": "Female"
  },
  {
    "id": 43,
    "first_name": "Rolf",
    "last_name": "McClenan",
    "email": "rmcclenan16@home.pl",
    "gender": "Male"
  },
  {
    "id": 44,
    "first_name": "Nicko",
    "last_name": "Jennings",
    "email": "njennings17@fc2.com",
    "gender": "Male"
  },
  {
    "id": 45,
    "first_name": "Emma",
    "last_name": "Layne",
    "email": "elayne18@dagondesign.com",
    "gender": "Bigender"
  },
  {
    "id": 46,
    "first_name": "Beth",
    "last_name": "Briton",
    "email": "bbriton19@godaddy.com",
    "gender": "Female"
  },
  {
    "id": 47,
    "first_name": "Mirabelle",
    "last_name": "Wilks",
    "email": "mwilks1a@slate.com",
    "gender": "Female"
  },
  {
    "id": 48,
    "first_name": "Elinor",
    "last_name": "Isakov",
    "email": "eisakov1b@economist.com",
    "gender": "Female"
  },
  {
    "id": 49,
    "first_name": "Mignonne",
    "last_name": "Ickovicz",
    "email": "mickovicz1c@webeden.co.uk",
    "gender": "Female"
  },
  {
    "id": 50,
    "first_name": "Quintina",
    "last_name": "Jewers",
    "email": "qjewers1d@topsy.com",
    "gender": "Female"
  },
  {
    "id": 51,
    "first_name": "Oren",
    "last_name": "Kiln",
    "email": "okiln1e@epa.gov",
    "gender": "Male"
  },
  {
    "id": 52,
    "first_name": "Valentin",
    "last_name": "Sandels",
    "email": "vsandels1f@chron.com",
    "gender": "Male"
  },
  {
    "id": 53,
    "first_name": "Mariele",
    "last_name": "Borgnet",
    "email": "mborgnet1g@google.com.hk",
    "gender": "Female"
  },
  {
    "id": 54,
    "first_name": "Evyn",
    "last_name": "Paul",
    "email": "epaul1h@wiley.com",
    "gender": "Genderqueer"
  },
  {
    "id": 55,
    "first_name": "Jackie",
    "last_name": "Brotherwood",
    "email": "jbrotherwood1i@weather.com",
    "gender": "Female"
  },
  {
    "id": 56,
    "first_name": "Sheridan",
    "last_name": "Pring",
    "email": "spring1j@desdev.cn",
    "gender": "Male"
  },
  {
    "id": 57,
    "first_name": "Cyndi",
    "last_name": "Carlisi",
    "email": "ccarlisi1k@cyberchimps.com",
    "gender": "Female"
  },
  {
    "id": 58,
    "first_name": "Nicky",
    "last_name": "Sharvell",
    "email": "nsharvell1l@ovh.net",
    "gender": "Male"
  },
  {
    "id": 59,
    "first_name": "Galen",
    "last_name": "D'Ambrogio",
    "email": "gdambrogio1m@scribd.com",
    "gender": "Male"
  },
  {
    "id": 60,
    "first_name": "Giavani",
    "last_name": "Frear",
    "email": "gfrear1n@google.ru",
    "gender": "Male"
  },
  {
    "id": 61,
    "first_name": "Astrid",
    "last_name": "MacLeod",
    "email": "amacleod1o@ucoz.ru",
    "gender": "Female"
  },
  {
    "id": 62,
    "first_name": "Mark",
    "last_name": "Warbey",
    "email": "mwarbey1p@ucoz.com",
    "gender": "Male"
  },
  {
    "id": 63,
    "first_name": "Elvina",
    "last_name": "Lottrington",
    "email": "elottrington1q@hc360.com",
    "gender": "Female"
  },
  {
    "id": 64,
    "first_name": "Ludwig",
    "last_name": "Lynnett",
    "email": "llynnett1r@salon.com",
    "gender": "Male"
  },
  {
    "id": 65,
    "first_name": "Misty",
    "last_name": "Roger",
    "email": "mroger1s@flavors.me",
    "gender": "Female"
  },
  {
    "id": 66,
    "first_name": "Gabriell",
    "last_name": "Jakubiak",
    "email": "gjakubiak1t@forbes.com",
    "gender": "Female"
  },
  {
    "id": 67,
    "first_name": "Melvin",
    "last_name": "Conn",
    "email": "mconn1u@chronoengine.com",
    "gender": "Male"
  },
  {
    "id": 68,
    "first_name": "Jeannie",
    "last_name": "Hardwell",
    "email": "jhardwell1v@java.com",
    "gender": "Female"
  },
  {
    "id": 69,
    "first_name": "Kristal",
    "last_name": "German",
    "email": "kgerman1w@adobe.com",
    "gender": "Female"
  },
  {
    "id": 70,
    "first_name": "Solomon",
    "last_name": "Vigars",
    "email": "svigars1x@e-recht24.de",
    "gender": "Male"
  },
  {
    "id": 71,
    "first_name": "Hale",
    "last_name": "Delahunt",
    "email": "hdelahunt1y@ox.ac.uk",
    "gender": "Male"
  },
  {
    "id": 72,
    "first_name": "Otis",
    "last_name": "Mussared",
    "email": "omussared1z@arstechnica.com",
    "gender": "Male"
  },
  {
    "id": 73,
    "first_name": "Kaleena",
    "last_name": "Putland",
    "email": "kputland20@webmd.com",
    "gender": "Female"
  },
  {
    "id": 74,
    "first_name": "Ross",
    "last_name": "Ohlsen",
    "email": "rohlsen21@csmonitor.com",
    "gender": "Male"
  },
  {
    "id": 75,
    "first_name": "Sigfrid",
    "last_name": "Varney",
    "email": "svarney22@shutterfly.com",
    "gender": "Male"
  },
  {
    "id": 76,
    "first_name": "Dacey",
    "last_name": "Fincken",
    "email": "dfincken23@businesswire.com",
    "gender": "Female"
  },
  {
    "id": 77,
    "first_name": "Karlie",
    "last_name": "Diamond",
    "email": "kdiamond24@netvibes.com",
    "gender": "Female"
  },
  {
    "id": 78,
    "first_name": "Monica",
    "last_name": "Lismer",
    "email": "mlismer25@mozilla.org",
    "gender": "Female"
  },
  {
    "id": 79,
    "first_name": "Howard",
    "last_name": "Pindred",
    "email": "hpindred26@ycombinator.com",
    "gender": "Male"
  },
  {
    "id": 80,
    "first_name": "Duff",
    "last_name": "Adamo",
    "email": "dadamo27@free.fr",
    "gender": "Male"
  },
  {
    "id": 81,
    "first_name": "Beltran",
    "last_name": "Besant",
    "email": "bbesant28@xing.com",
    "gender": "Male"
  },
  {
    "id": 82,
    "first_name": "Patrick",
    "last_name": "Levine",
    "email": "plevine29@sun.com",
    "gender": "Male"
  },
  {
    "id": 83,
    "first_name": "Moselle",
    "last_name": "Clelland",
    "email": "mclelland2a@indiatimes.com",
    "gender": "Female"
  },
  {
    "id": 84,
    "first_name": "Claribel",
    "last_name": "Dukelow",
    "email": "cdukelow2b@foxnews.com",
    "gender": "Bigender"
  },
  {
    "id": 85,
    "first_name": "Marco",
    "last_name": "Brookson",
    "email": "mbrookson2c@geocities.jp",
    "gender": "Male"
  },
  {
    "id": 86,
    "first_name": "Valene",
    "last_name": "Fulks",
    "email": "vfulks2d@youku.com",
    "gender": "Polygender"
  },
  {
    "id": 87,
    "first_name": "Brant",
    "last_name": "Pendlebury",
    "email": "bpendlebury2e@elpais.com",
    "gender": "Male"
  },
  {
    "id": 88,
    "first_name": "Fin",
    "last_name": "Itzhaki",
    "email": "fitzhaki2f@surveymonkey.com",
    "gender": "Male"
  },
  {
    "id": 89,
    "first_name": "Reed",
    "last_name": "Syrad",
    "email": "rsyrad2g@qq.com",
    "gender": "Male"
  },
  {
    "id": 90,
    "first_name": "Maressa",
    "last_name": "Mandifield",
    "email": "mmandifield2h@youku.com",
    "gender": "Female"
  },
  {
    "id": 91,
    "first_name": "Cher",
    "last_name": "Gonin",
    "email": "cgonin2i@hubpages.com",
    "gender": "Female"
  },
  {
    "id": 92,
    "first_name": "Myrtie",
    "last_name": "Alyukin",
    "email": "malyukin2j@amazon.co.jp",
    "gender": "Female"
  },
  {
    "id": 93,
    "first_name": "Kinna",
    "last_name": "Sawdy",
    "email": "ksawdy2k@thetimes.co.uk",
    "gender": "Female"
  },
  {
    "id": 94,
    "first_name": "Sile",
    "last_name": "Szabo",
    "email": "sszabo2l@arstechnica.com",
    "gender": "Female"
  },
  {
    "id": 95,
    "first_name": "Clem",
    "last_name": "Beesey",
    "email": "cbeesey2m@oracle.com",
    "gender": "Male"
  },
  {
    "id": 96,
    "first_name": "Fayre",
    "last_name": "Redhouse",
    "email": "fredhouse2n@dropbox.com",
    "gender": "Non-binary"
  },
  {
    "id": 97,
    "first_name": "Rossie",
    "last_name": "Rouke",
    "email": "rrouke2o@mac.com",
    "gender": "Male"
  },
  {
    "id": 98,
    "first_name": "Mort",
    "last_name": "Linfoot",
    "email": "mlinfoot2p@dailymotion.com",
    "gender": "Male"
  },
  {
    "id": 99,
    "first_name": "Hanni",
    "last_name": "Strother",
    "email": "hstrother2q@sun.com",
    "gender": "Female"
  },
  {
    "id": 100,
    "first_name": "Tania",
    "last_name": "Collcott",
    "email": "tcollcott2r@mlb.com",
    "gender": "Female"
  },
  {
    "id": 101,
    "first_name": "Kirsteni",
    "last_name": "Pelham",
    "email": "kpelham2s@google.nl",
    "gender": "Female"
  },
  {
    "id": 102,
    "first_name": "Faina",
    "last_name": "Helder",
    "email": "fhelder2t@google.com.hk",
    "gender": "Female"
  },
  {
    "id": 103,
    "first_name": "Alisa",
    "last_name": "Kelsell",
    "email": "akelsell2u@usnews.com",
    "gender": "Female"
  },
  {
    "id": 104,
    "first_name": "Eveline",
    "last_name": "Berzons",
    "email": "eberzons2v@about.me",
    "gender": "Female"
  },
  {
    "id": 105,
    "first_name": "Sonia",
    "last_name": "Clift",
    "email": "sclift2w@businesswire.com",
    "gender": "Female"
  },
  {
    "id": 106,
    "first_name": "Petrina",
    "last_name": "Beart",
    "email": "pbeart2x@nps.gov",
    "gender": "Female"
  },
  {
    "id": 107,
    "first_name": "Farrel",
    "last_name": "Akrigg",
    "email": "fakrigg2y@sun.com",
    "gender": "Male"
  },
  {
    "id": 108,
    "first_name": "Preston",
    "last_name": "Gorham",
    "email": "pgorham2z@army.mil",
    "gender": "Male"
  },
  {
    "id": 109,
    "first_name": "Ignacius",
    "last_name": "Carreyette",
    "email": "icarreyette30@walmart.com",
    "gender": "Male"
  },
  {
    "id": 110,
    "first_name": "Kiel",
    "last_name": "Burtwell",
    "email": "kburtwell31@parallels.com",
    "gender": "Male"
  },
  {
    "id": 111,
    "first_name": "Joya",
    "last_name": "Dumbell",
    "email": "jdumbell32@4shared.com",
    "gender": "Female"
  },
  {
    "id": 112,
    "first_name": "Romonda",
    "last_name": "Mochar",
    "email": "rmochar33@nps.gov",
    "gender": "Female"
  },
  {
    "id": 113,
    "first_name": "Dav",
    "last_name": "Clohessy",
    "email": "dclohessy34@tiny.cc",
    "gender": "Male"
  },
  {
    "id": 114,
    "first_name": "Delano",
    "last_name": "Luce",
    "email": "dluce35@deliciousdays.com",
    "gender": "Male"
  },
  {
    "id": 115,
    "first_name": "Joni",
    "last_name": "Wharin",
    "email": "jwharin36@harvard.edu",
    "gender": "Female"
  },
  {
    "id": 116,
    "first_name": "Dorothee",
    "last_name": "Dunkerton",
    "email": "ddunkerton37@discovery.com",
    "gender": "Female"
  },
  {
    "id": 117,
    "first_name": "Brose",
    "last_name": "Madrell",
    "email": "bmadrell38@ameblo.jp",
    "gender": "Male"
  },
  {
    "id": 118,
    "first_name": "Lexis",
    "last_name": "Derrington",
    "email": "lderrington39@rakuten.co.jp",
    "gender": "Female"
  },
  {
    "id": 119,
    "first_name": "Malina",
    "last_name": "Hover",
    "email": "mhover3a@mayoclinic.com",
    "gender": "Genderfluid"
  },
  {
    "id": 120,
    "first_name": "Damian",
    "last_name": "Pilmer",
    "email": "dpilmer3b@opera.com",
    "gender": "Bigender"
  },
  {
    "id": 121,
    "first_name": "Sebastian",
    "last_name": "Faragher",
    "email": "sfaragher3c@live.com",
    "gender": "Male"
  },
  {
    "id": 122,
    "first_name": "Gwenny",
    "last_name": "Paute",
    "email": "gpaute3d@upenn.edu",
    "gender": "Female"
  },
  {
    "id": 123,
    "first_name": "Evangelin",
    "last_name": "Molyneaux",
    "email": "emolyneaux3e@google.com.au",
    "gender": "Female"
  },
  {
    "id": 124,
    "first_name": "Dennison",
    "last_name": "Riepl",
    "email": "driepl3f@ca.gov",
    "gender": "Male"
  },
  {
    "id": 125,
    "first_name": "Mellisent",
    "last_name": "Grogor",
    "email": "mgrogor3g@blinklist.com",
    "gender": "Female"
  },
  {
    "id": 126,
    "first_name": "Hilary",
    "last_name": "Wearing",
    "email": "hwearing3h@altervista.org",
    "gender": "Female"
  },
  {
    "id": 127,
    "first_name": "Herschel",
    "last_name": "Coultard",
    "email": "hcoultard3i@thetimes.co.uk",
    "gender": "Male"
  },
  {
    "id": 128,
    "first_name": "Oswell",
    "last_name": "Giovanizio",
    "email": "ogiovanizio3j@reverbnation.com",
    "gender": "Male"
  },
  {
    "id": 129,
    "first_name": "Armstrong",
    "last_name": "Mellows",
    "email": "amellows3k@biblegateway.com",
    "gender": "Male"
  },
  {
    "id": 130,
    "first_name": "Svend",
    "last_name": "Coonihan",
    "email": "scoonihan3l@oracle.com",
    "gender": "Male"
  },
  {
    "id": 131,
    "first_name": "Kelbee",
    "last_name": "Glenister",
    "email": "kglenister3m@ucoz.com",
    "gender": "Male"
  },
  {
    "id": 132,
    "first_name": "Rosco",
    "last_name": "Mullineux",
    "email": "rmullineux3n@who.int",
    "gender": "Male"
  },
  {
    "id": 133,
    "first_name": "Turner",
    "last_name": "Doswell",
    "email": "tdoswell3o@issuu.com",
    "gender": "Male"
  },
  {
    "id": 134,
    "first_name": "Nara",
    "last_name": "Spyby",
    "email": "nspyby3p@amazon.com",
    "gender": "Female"
  },
  {
    "id": 135,
    "first_name": "Wilburt",
    "last_name": "Clavey",
    "email": "wclavey3q@nhs.uk",
    "gender": "Male"
  },
  {
    "id": 136,
    "first_name": "Maren",
    "last_name": "Welch",
    "email": "mwelch3r@example.com",
    "gender": "Female"
  },
  {
    "id": 137,
    "first_name": "Livvyy",
    "last_name": "Lamke",
    "email": "llamke3s@nydailynews.com",
    "gender": "Female"
  },
  {
    "id": 138,
    "first_name": "Cordell",
    "last_name": "Cowing",
    "email": "ccowing3t@ycombinator.com",
    "gender": "Male"
  },
  {
    "id": 139,
    "first_name": "Shelba",
    "last_name": "Haffard",
    "email": "shaffard3u@berkeley.edu",
    "gender": "Female"
  },
  {
    "id": 140,
    "first_name": "Guinevere",
    "last_name": "Mauger",
    "email": "gmauger3v@jiathis.com",
    "gender": "Female"
  },
  {
    "id": 141,
    "first_name": "Millard",
    "last_name": "Jorck",
    "email": "mjorck3w@squarespace.com",
    "gender": "Male"
  },
  {
    "id": 142,
    "first_name": "Charlton",
    "last_name": "Roadknight",
    "email": "croadknight3x@soundcloud.com",
    "gender": "Male"
  },
  {
    "id": 143,
    "first_name": "Chet",
    "last_name": "Luxon",
    "email": "cluxon3y@last.fm",
    "gender": "Male"
  },
  {
    "id": 144,
    "first_name": "Reece",
    "last_name": "Vallis",
    "email": "rvallis3z@smh.com.au",
    "gender": "Male"
  },
  {
    "id": 145,
    "first_name": "Tadd",
    "last_name": "Ancliffe",
    "email": "tancliffe40@google.com.br",
    "gender": "Male"
  },
  {
    "id": 146,
    "first_name": "Elladine",
    "last_name": "Delgado",
    "email": "edelgado41@japanpost.jp",
    "gender": "Non-binary"
  },
  {
    "id": 147,
    "first_name": "Berna",
    "last_name": "Ruzicka",
    "email": "bruzicka42@technorati.com",
    "gender": "Female"
  },
  {
    "id": 148,
    "first_name": "Charles",
    "last_name": "Schooley",
    "email": "cschooley43@wp.com",
    "gender": "Male"
  },
  {
    "id": 149,
    "first_name": "Nevins",
    "last_name": "Glading",
    "email": "nglading44@prlog.org",
    "gender": "Male"
  },
  {
    "id": 150,
    "first_name": "Chariot",
    "last_name": "O'Crevy",
    "email": "cocrevy45@chicagotribune.com",
    "gender": "Male"
  },
  {
    "id": 151,
    "first_name": "Shelli",
    "last_name": "Hefner",
    "email": "shefner46@ask.com",
    "gender": "Female"
  },
  {
    "id": 152,
    "first_name": "Dieter",
    "last_name": "Iddiens",
    "email": "diddiens47@psu.edu",
    "gender": "Male"
  },
  {
    "id": 153,
    "first_name": "Palmer",
    "last_name": "Stopps",
    "email": "pstopps48@nyu.edu",
    "gender": "Polygender"
  },
  {
    "id": 154,
    "first_name": "Aurel",
    "last_name": "Matuskiewicz",
    "email": "amatuskiewicz49@miitbeian.gov.cn",
    "gender": "Female"
  },
  {
    "id": 155,
    "first_name": "Efrem",
    "last_name": "Dumblton",
    "email": "edumblton4a@amazon.co.uk",
    "gender": "Genderqueer"
  },
  {
    "id": 156,
    "first_name": "Tierney",
    "last_name": "Foote",
    "email": "tfoote4b@columbia.edu",
    "gender": "Female"
  },
  {
    "id": 157,
    "first_name": "Mylo",
    "last_name": "Highman",
    "email": "mhighman4c@go.com",
    "gender": "Male"
  },
  {
    "id": 158,
    "first_name": "Elenore",
    "last_name": "Baskerville",
    "email": "ebaskerville4d@ebay.com",
    "gender": "Female"
  },
  {
    "id": 159,
    "first_name": "Oliver",
    "last_name": "Beetham",
    "email": "obeetham4e@mac.com",
    "gender": "Male"
  },
  {
    "id": 160,
    "first_name": "Rudyard",
    "last_name": "Pinsent",
    "email": "rpinsent4f@comsenz.com",
    "gender": "Male"
  },
  {
    "id": 161,
    "first_name": "Gifford",
    "last_name": "Rotge",
    "email": "grotge4g@e-recht24.de",
    "gender": "Male"
  },
  {
    "id": 162,
    "first_name": "Clayborn",
    "last_name": "Stenson",
    "email": "cstenson4h@51.la",
    "gender": "Male"
  },
  {
    "id": 163,
    "first_name": "Lukas",
    "last_name": "Pickburn",
    "email": "lpickburn4i@naver.com",
    "gender": "Male"
  },
  {
    "id": 164,
    "first_name": "Dimitri",
    "last_name": "Measen",
    "email": "dmeasen4j@time.com",
    "gender": "Male"
  },
  {
    "id": 165,
    "first_name": "Elyn",
    "last_name": "Linton",
    "email": "elinton4k@ucsd.edu",
    "gender": "Female"
  },
  {
    "id": 166,
    "first_name": "Cordelia",
    "last_name": "Hartly",
    "email": "chartly4l@telegraph.co.uk",
    "gender": "Female"
  },
  {
    "id": 167,
    "first_name": "Krishna",
    "last_name": "Mc Corley",
    "email": "kmccorley4m@latimes.com",
    "gender": "Male"
  },
  {
    "id": 168,
    "first_name": "Sibbie",
    "last_name": "Tomsu",
    "email": "stomsu4n@drupal.org",
    "gender": "Female"
  },
  {
    "id": 169,
    "first_name": "Dell",
    "last_name": "Vasyutkin",
    "email": "dvasyutkin4o@ow.ly",
    "gender": "Female"
  },
  {
    "id": 170,
    "first_name": "Angelique",
    "last_name": "Drinkwater",
    "email": "adrinkwater4p@artisteer.com",
    "gender": "Female"
  },
  {
    "id": 171,
    "first_name": "Stacee",
    "last_name": "Sandlin",
    "email": "ssandlin4q@imgur.com",
    "gender": "Male"
  },
  {
    "id": 172,
    "first_name": "Barbabas",
    "last_name": "Blaskett",
    "email": "bblaskett4r@mlb.com",
    "gender": "Male"
  },
  {
    "id": 173,
    "first_name": "Cally",
    "last_name": "Whyte",
    "email": "cwhyte4s@earthlink.net",
    "gender": "Female"
  },
  {
    "id": 174,
    "first_name": "Nadiya",
    "last_name": "Flounders",
    "email": "nflounders4t@behance.net",
    "gender": "Agender"
  },
  {
    "id": 175,
    "first_name": "Fields",
    "last_name": "Keasey",
    "email": "fkeasey4u@soundcloud.com",
    "gender": "Male"
  },
  {
    "id": 176,
    "first_name": "Imogene",
    "last_name": "Lucey",
    "email": "ilucey4v@toplist.cz",
    "gender": "Female"
  },
  {
    "id": 177,
    "first_name": "Ange",
    "last_name": "Pavier",
    "email": "apavier4w@addtoany.com",
    "gender": "Female"
  },
  {
    "id": 178,
    "first_name": "Doy",
    "last_name": "Offield",
    "email": "doffield4x@wikipedia.org",
    "gender": "Male"
  },
  {
    "id": 179,
    "first_name": "Dame",
    "last_name": "Lidgertwood",
    "email": "dlidgertwood4y@devhub.com",
    "gender": "Male"
  },
  {
    "id": 180,
    "first_name": "Consalve",
    "last_name": "Dellenbrok",
    "email": "cdellenbrok4z@patch.com",
    "gender": "Male"
  },
  {
    "id": 181,
    "first_name": "Adah",
    "last_name": "Bowkley",
    "email": "abowkley50@blogger.com",
    "gender": "Female"
  },
  {
    "id": 182,
    "first_name": "Starlin",
    "last_name": "Laurenz",
    "email": "slaurenz51@instagram.com",
    "gender": "Female"
  },
  {
    "id": 183,
    "first_name": "Torre",
    "last_name": "Garm",
    "email": "tgarm52@naver.com",
    "gender": "Male"
  },
  {
    "id": 184,
    "first_name": "Ryley",
    "last_name": "Siehard",
    "email": "rsiehard53@fastcompany.com",
    "gender": "Male"
  },
  {
    "id": 185,
    "first_name": "Cecil",
    "last_name": "Giggie",
    "email": "cgiggie54@paginegialle.it",
    "gender": "Male"
  },
  {
    "id": 186,
    "first_name": "Wolfy",
    "last_name": "Acum",
    "email": "wacum55@umich.edu",
    "gender": "Male"
  },
  {
    "id": 187,
    "first_name": "Jervis",
    "last_name": "Olivella",
    "email": "jolivella56@ycombinator.com",
    "gender": "Male"
  },
  {
    "id": 188,
    "first_name": "Zach",
    "last_name": "Tothacot",
    "email": "ztothacot57@rediff.com",
    "gender": "Male"
  },
  {
    "id": 189,
    "first_name": "Yvette",
    "last_name": "Larkby",
    "email": "ylarkby58@twitpic.com",
    "gender": "Female"
  },
  {
    "id": 190,
    "first_name": "Clarita",
    "last_name": "Epps",
    "email": "cepps59@yolasite.com",
    "gender": "Female"
  },
  {
    "id": 191,
    "first_name": "Georgi",
    "last_name": "Sangar",
    "email": "gsangar5a@miibeian.gov.cn",
    "gender": "Male"
  },
  {
    "id": 192,
    "first_name": "Carmen",
    "last_name": "Zelley",
    "email": "czelley5b@hibu.com",
    "gender": "Female"
  },
  {
    "id": 193,
    "first_name": "Aeriela",
    "last_name": "Poole",
    "email": "apoole5c@washingtonpost.com",
    "gender": "Female"
  },
  {
    "id": 194,
    "first_name": "Kristine",
    "last_name": "Pluvier",
    "email": "kpluvier5d@dedecms.com",
    "gender": "Female"
  },
  {
    "id": 195,
    "first_name": "Sybila",
    "last_name": "Redsall",
    "email": "sredsall5e@harvard.edu",
    "gender": "Female"
  },
  {
    "id": 196,
    "first_name": "Corney",
    "last_name": "Raeside",
    "email": "craeside5f@google.cn",
    "gender": "Male"
  },
  {
    "id": 197,
    "first_name": "Nicolea",
    "last_name": "Koles",
    "email": "nkoles5g@bbb.org",
    "gender": "Female"
  },
  {
    "id": 198,
    "first_name": "Hobard",
    "last_name": "Garmon",
    "email": "hgarmon5h@springer.com",
    "gender": "Male"
  },
  {
    "id": 199,
    "first_name": "Rycca",
    "last_name": "Yushankin",
    "email": "ryushankin5i@dropbox.com",
    "gender": "Female"
  },
  {
    "id": 200,
    "first_name": "Leupold",
    "last_name": "Stubbington",
    "email": "lstubbington5j@posterous.com",
    "gender": "Male"
  }
]
